fakulte,ort_ndvi,ort_ndbi,ort_contrast,ort_homogeneity,n
Guzel Sanatlar,0.06024567894258374,0.07780194795693779,86.23440704032808,0.16721708808808267,209
Fen Edebiyat,0.12609587645267398,0.10554712894432235,158.33124382231526,0.11913757700819128,273
Isletme,0.21969695107901235,0.011762715972222221,290.69996203213793,0.08972868583443493,162
Denizcilik,0.36536850537347826,-0.04838478315217391,298.20955544053373,0.07772621532077925,69
Hukuk,0.1194089141857143,0.04131185141772728,144.78728934755722,0.15964788206493422,308
Muhendislik,0.19571921530648462,0.042628138776134465,231.4418503512516,0.10870384332562537,714
Mimarlik,0.2191092007513889,0.019584526014212972,243.96052873309816,0.09505827696423859,216
Turizm,0.2119953720758755,0.061880616511536965,107.99663586251621,0.21240287310426087,514
