degisken,H_gozlenen,p_perm
ndvi,316.88318044407856,0.001
ndbi,202.2243728957155,0.001
glcm_contrast,940.4117524251591,0.001
glcm_homogeneity,1237.1621494212814,0.001
