yontem,H,df,p,effsize,magnitude,etki
nearest,202.24347608125566,7,3.843127404773735e-40,0.07949652934904547,moderate,orta
bilinear,213.82924829887816,7,1.3451272719848569e-42,0.08421386331387547,moderate,orta
