pencere,degisken,H,df,p,effsize,magnitude,etki
3x3,glcm_contrast,940.4117524251591,7,8.987456643381458e-199,0.37989896313600285,large,buyuk
5x5,glcm_contrast,1164.2088562075178,7,3.873031414943582e-247,0.4709844754609352,large,buyuk
3x3,glcm_homogeneity,1237.1621494212814,7,6.491183948543575e-263,0.500676495490957,large,buyuk
5x5,glcm_homogeneity,1646.7095823990494,7,0,0.6673624673988805,large,buyuk
